hours_studied,exam_score
7.739560485559633,93.84441678531053
4.388784397520523,68.7870810047259
8.585979199113824,92.88892106180856
6.973680290593639,83.56085826477208
0.9417734788764953,57.40946378477395
9.756223516367559,100.0
7.61139701990353,88.78166435473162
7.860643052769538,94.45472561006255
1.2811363267554587,40.00430482552911
4.503859378955672,72.12954967933742
3.7079802423258124,61.79405904928609
9.267649888486018,86.58774495904106
6.438651200806645,75.16803706860323
8.227616132708299,88.465093137935
4.4341419882733115,79.49793028021466
2.272387217847769,50.75079434732233
5.545847870158348,77.97429129154709
0.6381725610417532,49.31750733854014
8.27631171992582,88.76017384473342
6.316643991220649,89.60528255854008
7.580877400853739,92.2093105003001
3.545259681298684,78.42548326603536
9.706980243949033,97.29885578574596
8.931211213221976,89.08851517274425
7.783834970737619,87.1283043186441
1.9463870785196757,61.671909722768156
4.667210037270342,74.7486370539814
0.43803765787228777,43.515083711494505
1.5428949206754783,58.438392856400384
6.830489532424546,85.97827430323397
7.447621559078171,100.0
9.6750973243421,100.0
3.2582535813815197,59.46532110243703
3.704597060348689,66.22391840935003
4.695558112758079,61.77025454909437
1.894713590842857,54.7479118425064
1.2992150533547164,59.0209152954963
4.757049262259337,83.43207527840255
2.2690934905088413,55.512796750595335
6.698139946825103,78.25752821358314
4.371519188723307,54.67928370570729
8.326781960578375,90.33258243853261
7.002651020022491,76.51393980523595
3.123666413820411,61.38281665017346
8.32259801395201,84.59810384441936
8.047643574968019,89.48411744081965
3.874783790301745,55.31209182065568
2.883281039302441,52.680043233384275
6.824955039749755,100.0
1.397524836093098,46.68824353027324
1.9990820247510832,51.221125496118304
0.07362269751005512,65.06342171412079
7.869243775021384,100.0
6.648508565920322,73.87000979899886
7.051653786263351,82.31227727701251
7.807290310219679,91.76889595862247
4.5891577553833995,86.77536993216174
5.687411959528937,70.54220317021878
1.3979699812765745,55.02762713884599
1.1453007353597344,61.945204285292625
6.6840296179047165,86.89827668525653
4.710962061431325,70.54556173731584
5.652361064811888,77.19122160793111
7.649988574160256,77.25077640384143
6.347183200005908,79.83052604823222
5.535794006579958,75.54787011282815
5.592071607454136,79.81771715428073
3.039500980626122,60.754887152578476
0.30817834567939406,55.31319990875809
4.367173892323624,79.93759600417674
2.145846728195292,61.97266826232419
4.085286437246362,73.24048345342544
8.53403073268166,93.09539644403124
2.3393948586534075,61.697649437998344
0.5830274168906602,47.14267281611052
2.8138389202199656,66.60114869448628
2.935937577666836,63.90139510102627
6.6191651472689506,99.84117220778951
5.570321523412783,90.43844683686586
7.8389820910641355,92.28168287577269
6.643135403273876,77.11121933881122
4.063868614400706,61.420051296136194
8.140203846660347,100.0
1.669729199077039,60.45063979656231
0.22712073133860478,54.97675088382591
0.9004786077564175,40.545705142988545
7.223593505964503,93.53747538228797
4.618772302513873,76.72922421828426
1.612717790336018,49.180143476364265
5.010447751033635,71.28004029556858
1.5231210271316842,59.72534277051058
6.96320375077736,85.23575314073675
4.461562755740307,69.97044429227309
3.810212260964825,68.22315516029643
3.015120891478765,63.05978543173874
6.302825931188885,82.73462975276418
3.6181261055339045,79.86256631161477
0.87649919316101,33.84922843835467
1.1800590212051532,54.005492989948294
9.618976645495145,99.5069825984553
9.085806907076071,97.79698645287715
6.997071338107496,82.01004003996717
2.6586996145951955,49.23972381314732
9.69176377347724,100.0
7.787509039657946,100.0
7.168901891589956,73.57361821862068
4.493615021437886,79.37869921677495
2.72241561845159,60.9838763072748
0.9639096215349929,54.32895334104418
9.026023965438416,86.70693174156048
4.557762898336111,70.11316511283354
2.023633647952303,70.51852499735318
3.0595662415065252,69.95907314343428
5.79219568941896,92.81947129037435
1.767727829392317,68.25793425878314
8.566142840923755,96.34340763605539
7.585195298352101,100.0
7.194629559509368,89.48509306745322
4.320930397751037,78.22855740313166
6.2730884070244315,78.99287440684449
5.840979689127356,79.73726497251043
6.4984660155482,76.91293949133879
0.8444432113988909,62.13888753375328
4.1580740217060965,61.36394112361155
0.4161417386189248,58.33951143243591
4.9399081924451895,73.17433250218467
3.298612123327853,75.86303736437782
1.445241888660469,63.233161353152425
1.0340296772255164,69.735317647302
5.87644572177712,85.22842613799476
1.705929685368861,45.95332638161838
9.251201183767972,95.72038053565426
5.8106113970039495,69.67699944426123
3.4686980453483707,63.197251487811656
5.9091549148141675,91.63560204028461
0.22803871029697498,56.240464038666445
9.585592132414453,92.3365172334423
4.823034369429003,66.00543291562181
7.827352272502862,89.39901810552439
0.8272999992243857,44.40401880107291
4.866583308381603,68.96379432273537
4.907069943545209,77.031425490136
9.37826454974983,100.0
5.717280523760754,83.45649439659928
4.734894010569538,55.344153984062885
2.669756630918936,65.78371698683675
3.315689973425522,67.15471845298822
5.206724024715378,79.34474240655844
4.389114603050467,84.875250468462
0.21612079880330426,34.57469777957858
8.262919241943578,86.58576880818904
8.961607718397667,99.53528917433518
1.4024908899861077,44.359699254299
5.540361435390494,89.50939956138055
1.0857574113544355,58.37563995837745
6.722400930398117,90.38467653873782
2.812337838390083,59.494139899776066
6.594226346919018,89.48124125432477
7.269946142868826,94.89750316225644
7.68647491917657,90.29539875698019
1.0774094595589656,57.2622544393844
9.160118451376078,97.9633381711342
2.302139908948808,54.60393742682899
0.3741255617617978,50.690398366886164
5.548524693914834,76.5224432099553
3.7092228386243873,71.6132651079499
8.297897431324131,99.48808113190302
8.082514720643019,81.94428494738781
3.1713889282271532,64.85687239857914
9.52899395069745,100.0
2.909178381401186,58.59718607650542
5.150571292317146,69.17485632326317
2.5596509056760275,64.41670406302968
9.360435700489633,100.0
1.6460781758201815,58.321799323586184
0.4491061939232899,62.87721569311236
4.350970600030379,78.60920486068412
9.92375564055837,100.0
8.916772662549139,99.01679532333844
7.486080194569492,100.0
8.90792490878525,92.89833103299789
8.934466396978632,78.64415364836105
5.18858360386449,88.77695291145957
3.1592905183079303,62.13485714388504
7.72012432110988,89.46366516029367
6.616612631677611,93.55946863727227
3.7365772887371005,55.8648101152141
0.9446666806151527,44.71015569022665
7.46789611349026,74.52925707050048
2.624605159228647,56.769935475939846
9.368131505337793,100.0
2.4097057500568475,66.2420314927864
1.2275793241148603,58.34809005520273
8.311126721249062,80.25350653510638
1.5328431662449404,39.18338833816355
1.7926830815773909,59.398244091010014
5.993827915208435,76.1949313069355
8.745620408374645,97.40318821560612
1.9643466571457324,65.43736229549883
3.1032367290009475,66.62211510147418
