hours_studied,attendance,assignments_completed,previous_score,exam_score
7.739560485559633,88.94981772890645,4.775058736277328,62.78916488727397,82.52824225172995
4.388784397520523,56.727610420657356,7.614325631840076,48.160788789817396,61.706945225984725
8.585979199113824,76.80340179738187,9.033278719640531,33.16211818925985,99.16789700355329
6.973680290593639,75.71114350952072,7.206959467183516,63.70439382283965,97.82735221991973
0.9417734788764953,92.87860720612787,9.632112235493796,97.15326433449259,86.81482303658284
9.756223516367559,73.1399682796758,7.820051707381772,75.67634405268643,99.81791408518653
7.61139701990353,69.25447480501768,8.668014382619265,64.68545896400329,83.73122037887774
7.860643052769538,81.97816356185551,1.141040711836372,37.74844518207313,58.038376770400426
1.2811363267554587,63.32316587504231,7.324135029937877,47.67054033847111,56.49613198296986
4.503859378955672,56.98842054769784,4.400886995273686,50.634176470217994,55.92836666982463
3.7079802423258124,73.89386370118729,5.531038024112752,83.5362486825064,79.11356228975254
9.267649888486018,70.84446842974425,6.541024094823568,91.36975580852335,93.71883055741995
6.438651200806645,61.62849702644368,9.698151167055695,93.11492974965068,93.09425579486647
8.227616132708299,68.3755905057564,9.845780814316246,98.91980257755279,100.0
4.4341419882733115,68.31962249131237,2.8822824548790527,98.76566781731727,83.48347332973894
2.272387217847769,66.37477822062728,7.337534974379162,96.7099392937587,83.72966614736926
5.545847870158348,68.97320398634645,7.499835379352686,35.02754983520191,61.190185529302056
0.6381725610417532,84.28716727279726,3.464928613130488,39.645547514946365,55.43594475853821
8.27631171992582,64.84382372856426,1.2386977486422102,51.3126568533223,66.62142619731188
6.316643991220649,97.44289633576702,0.4094696028571976,68.70287778451231,83.43836067716553
7.580877400853739,95.81740097690889,7.773431275291785,36.78845220938355,85.47670257068859
3.545259681298684,74.04552141500393,4.896997418169059,89.20578704614996,71.84004996937699
9.706980243949033,66.41806025023445,9.855401694949261,73.17293253541163,100.0
8.931211213221976,76.77173949150016,4.649734561936531,67.96550816115435,92.96861593444437
7.783834970737619,92.42802443868123,9.779169790738402,41.57179263571038,94.83667864779459
1.9463870785196757,82.6293670280051,4.1157600219405985,47.727883208013814,58.077910825640615
4.667210037270342,90.21959139735387,7.936821505599726,41.22184174875807,84.95416560396136
0.43803765787228777,76.636113803287,0.8481927231183206,89.6353210456359,68.11954443394946
1.5428949206754783,81.64588146338104,5.554617101377639,70.89595020428527,67.82158624744935
6.830489532424546,64.40778070912309,8.020597869857243,81.45905992637434,96.35459815930872
7.447621559078171,86.74465811551454,9.247016672198887,50.7223004037018,100.0
9.6750973243421,60.120229656285915,8.225830906174316,55.987684596179406,100.0
3.2582535813815197,84.73990644092491,0.36970727201174225,58.339847509857364,53.53321373014424
3.704597060348689,93.0359534162947,3.727023413067342,83.20104802208243,76.05214310413358
4.695558112758079,56.605141865077194,0.4869847231385127,84.06470913721977,76.92536177574446
1.894713590842857,80.71898702709599,1.09282291114558,44.47694692598222,44.473931963737016
1.2992150533547164,54.75478741149673,6.753056286674841,95.90771997166694,64.90764267245692
4.757049262259337,86.28578141357134,7.132581963116982,38.44587362105805,69.26175543244199
2.2690934905088413,54.22466094117601,7.737206827516263,92.72854576965412,79.29641771887545
6.698139946825103,96.7969911350313,8.654565480556629,37.02769519548665,83.98841595403859
4.371519188723307,56.870396501890106,7.3943146847650985,48.51778678059178,62.653798470431965
8.326781960578375,97.94401229545402,8.00871592106632,89.253497524757,100.0
7.002651020022491,90.04420880425484,0.48963709823279244,42.56444506422612,65.25357104703497
3.123666413820411,79.6841002233177,2.345351504412986,58.94975519169789,57.83160982891821
8.32259801395201,89.13120523147734,6.218977733752458,61.490150996088836,100.0
8.047643574968019,89.7557419491543,8.581253046248232,47.168128111624675,92.90829886139404
3.874783790301745,97.30135314086652,0.045001249396591225,79.71716409351906,80.04957167094531
2.883281039302441,62.66916769195936,5.146293421163498,89.59342545815426,72.08772616202151
6.824955039749755,79.50379476791545,6.772873993643972,91.22025978989002,96.65659290962644
1.397524836093098,54.75245987822006,0.2960728912861321,53.752550201559266,39.1289168647657
1.9990820247510832,80.80828500120606,4.013555575533879,67.15952760014702,50.21994476860196
0.07362269751005512,58.564565204639436,8.956348813836968,47.3884482705956,46.42707027750201
7.869243775021384,78.2475305736221,6.7161280885585875,47.13575510851018,72.43945852530035
6.648508565920322,78.62152570169249,2.376583633605973,41.28778439963469,54.62581605058505
7.051653786263351,73.29925764906136,8.527811296319127,95.80133075652603,94.87456659610018
7.807290310219679,76.13158877565614,3.480314234095143,92.15921800239059,100.0
4.5891577553833995,88.1961695003294,8.533446711440595,84.41510993293846,93.08722338377117
5.687411959528937,89.96223582560333,2.989436511189055,66.23630649014103,87.11139079839386
1.3979699812765745,74.60766077877146,5.90320250883149,64.34255408583104,67.2845152815001
1.1453007353597344,79.97967207613061,3.969400677478341,67.08219663277487,67.46948715895583
6.6840296179047165,96.5618117845051,2.7482505075506705,67.55976095039625,79.47767062145043
4.710962061431325,55.98667942505614,8.865575621718692,60.41941592883832,78.32699438265522
5.652361064811888,55.85517829500552,1.8759368193949133,39.22283830244472,60.35311157955705
7.649988574160256,54.38545059553842,0.848115912357631,38.796469700797516,56.845531139854536
6.347183200005908,82.8931642520264,3.4192693854566034,96.65748010919783,95.94186351391794
5.535794006579958,70.93041503951898,7.1763914764156755,63.74215317104454,83.9011743075837
5.592071607454136,88.71607080709217,8.074316059762817,96.72438674336323,97.72814295830756
3.039500980626122,83.56157066542963,9.987433700667648,41.4503814397077,65.52513401541272
0.30817834567939406,66.68188791641191,2.963620570111649,68.80915864279535,47.42932519075326
4.367173892323624,94.91832736807679,4.079419511312822,44.54020773460775,70.25456220155323
2.145846728195292,88.12660735353262,1.368212780296263,47.722922428862105,57.73609949961657
4.085286437246362,63.526747045508785,5.748719296230336,32.103820513282514,52.940338459041094
8.53403073268166,68.2096008886027,9.975800372629172,38.32673175181479,85.77379332490749
2.3393948586534075,65.72199901021314,7.008810101206585,94.1793885340437,83.01707954121244
0.5830274168906602,57.880582431249984,5.952128404133718,52.507309403763216,56.02109554625683
2.8138389202199656,57.389168627109584,3.92369092921794,72.56904483402141,73.25146732168213
2.935937577666836,96.8063731687872,9.152987602855548,62.55098923924911,90.30594936706909
6.6191651472689506,71.89520185993766,4.969165961303494,58.03158716716948,71.87885676635814
5.570321523412783,69.1659911388705,1.343669133130615,67.23202639422476,79.92758875478516
7.8389820910641355,86.4842854338689,3.6537846319913347,43.106726123073905,74.74612363476308
6.643135403273876,77.64965326264499,0.671666688477669,99.20227289637036,93.83934930048211
4.063868614400706,96.8069993419231,2.0197903768878156,87.28155080927041,82.62576078676973
8.140203846660347,89.01507469546961,0.17668780999912204,81.91302429120607,85.84092493769097
1.669729199077039,73.96847820622702,4.532799165001634,62.81315079097667,51.379273146382076
0.22712073133860478,68.81797367404131,6.345402649517972,40.701398548843514,49.38229231917277
0.9004786077564175,99.3315772462161,3.4329246237890776,94.44661007914975,68.2393421684167
7.223593505964503,85.88801180018217,4.203817715052772,53.897094716720936,86.81924954278097
4.618772302513873,97.55973300019205,9.59209272844576,33.50746827878537,87.12155167009733
1.612717790336018,55.923928860852065,7.519631215749155,53.968257376744006,54.26679037084745
5.010447751033635,92.52668395953913,5.408566369449512,85.6119921347119,92.16832636437887
1.5231210271316842,81.85369419956038,2.8454087511182524,73.58961214917457,60.6613450846875
6.96320375077736,56.09608391675563,8.969967987729952,82.55870093214017,88.39254627024269
4.461562755740307,79.41289999846103,2.350971168806595,85.55447687036641,83.01004095358137
3.810212260964825,84.30481825527244,3.2534273051667704,44.836822775637984,62.83754253948688
3.015120891478765,50.61513429443014,9.090648144229485,94.66483212652261,92.22258079915882
6.302825931188885,72.71589809208733,5.295420552850723,60.65927220442608,75.83581530204165
3.6181261055339045,91.26997555981606,7.423179494179767,74.73095544849153,90.77919319991656
0.87649919316101,64.7679512672045,5.9074479416376615,30.16161408107194,46.962154549675674
1.1800590212051532,72.92740408992756,6.5343920900949515,99.53579488878246,83.66619799536458
9.618976645495145,72.11570635339466,2.9938329151482557,49.66274701749086,78.4709488585646
9.085806907076071,65.09636957212459,2.4137206162666294,34.34441745781086,69.59709023675174
6.997071338107496,95.92209477577771,3.224923471686653,62.07834290755598,83.85456894671164
2.6586996145951955,89.06470177157578,1.5544156408342247,39.032104002742926,49.73018937624683
9.69176377347724,55.52942054980552,8.743143652908074,40.6628697110303,88.30392376983077
7.787509039657946,99.85173289187865,2.832469332501141,74.25979691211471,96.48215296968476
7.168901891589956,93.96000121538727,5.614893944143846,57.50491740991633,91.07224000686865
4.493615021437886,64.19542189320195,7.919744251413741,94.52967151084965,97.85943017366641
2.72241561845159,91.84482898304691,7.838241093757135,52.34095462256491,82.39083620345268
0.9639096215349929,55.32097659356914,4.3838625858419284,80.83260898687308,58.821077280781495
9.026023965438416,99.95523652371193,4.762573085867256,62.27696011084353,98.25189896282504
4.557762898336111,83.28423680532684,9.947017489350248,76.19659107904951,87.56850846054546
2.023633647952303,82.50625077793984,6.745974769790241,71.97867497011933,74.25814442553056
3.0595662415065252,54.52203634920664,8.146384431178827,63.09487809312987,64.99731615493124
5.79219568941896,94.85166994483126,9.02553969219232,96.5042766237106,100.0
1.767727829392317,51.449975160223474,7.875898362293392,53.98995499284691,61.15200757472348
8.566142840923755,62.04140290205736,1.8517934495356758,42.40648508744908,67.9519269792748
7.585195298352101,57.151093758331754,5.621707337375722,77.46658426158797,93.08527148225676
7.194629559509368,88.83839703461092,1.0189415731454488,89.22052929155362,76.53512497280593
4.320930397751037,59.910211360644894,6.529221265639984,32.81776179579467,47.1972514807282
6.2730884070244315,95.53191135654427,9.553494281878109,61.47428818958764,99.0871186024587
5.840979689127356,82.81345196637452,5.127320643001113,92.47413827811283,92.89457178780968
6.4984660155482,51.80813552473481,4.329724928677672,82.47330332460072,81.43852070059934
0.8444432113988909,50.27149170643502,0.35842751418163177,99.42654015483397,50.56609322221219
4.1580740217060965,52.58289585071994,9.597745223292204,67.19896681180705,76.26380273739237
0.4161417386189248,80.29625888238638,1.0300268413015878,76.1997003160806,70.10636402132562
4.9399081924451895,90.07409054297077,0.41079093304846936,51.17361967965497,70.5481332931835
3.298612123327853,61.927641031369426,2.460666115049385,96.32749197661946,74.59400303266173
1.445241888660469,92.47044214615364,0.6553043391838242,55.64348419895754,53.733158151478776
1.0340296772255164,52.86159700766302,4.551178424117623,81.695749888064,58.890802664832705
5.87644572177712,90.04819268208381,5.160878012571124,58.21981428833573,68.4165122361215
1.705929685368861,96.38977150861402,3.1256994902858395,69.32732510440995,70.41585689923785
9.251201183767972,88.60541995521902,0.5096048257488606,80.38477745150823,97.20684941274573
5.8106113970039495,84.90603919893186,1.116003682492267,65.62539062259481,64.83739930019215
3.4686980453483707,91.89901093276916,3.8450437798992807,93.4960428836656,80.83014979797396
5.9091549148141675,52.00756497735332,0.6052845082653613,59.351069154946714,54.290520580164454
0.22803871029697498,60.08910553595277,6.981897256099135,75.29502587003276,57.11456483818404
9.585592132414453,56.24618396528216,2.07020541524812,53.96537033100379,76.4708763768644
4.823034369429003,75.22654950964933,3.020715687836385,58.57096677617091,56.4119903021066
7.827352272502862,87.25940641644223,3.941257771780975,60.803507576348665,89.4630960829365
0.8272999992243857,81.50059222881993,4.166096330691479,38.80649128185997,55.72364725966037
4.866583308381603,92.55655498809675,0.016607076748005323,36.42065753413047,57.89486971469137
4.907069943545209,57.760649622054544,1.1207037099869754,76.72429462027306,52.54981389720053
9.37826454974983,86.73105459675807,8.627645637408781,75.88624168401367,100.0
5.717280523760754,59.6520745434452,0.01233062511908134,76.40367999470666,75.88964904893321
4.734894010569538,63.53793756589001,5.081673558128751,31.38365117398842,41.68235220824181
2.669756630918936,85.4952348640652,4.895020065072081,52.85827898702459,63.84092991922873
3.315689973425522,99.0102392449341,3.330941610106378,43.84668930814378,58.42854095313627
5.206724024715378,80.57718029885348,4.313270201464496,84.47059957808086,89.63889021983022
4.389114603050467,52.72501574956478,7.805811375265844,90.24412809772912,78.83799611230863
0.21612079880330426,80.81544849637663,8.412037062149565,47.26762640583031,63.155906155769486
8.262919241943578,52.11752757900835,2.6034854341525007,76.74944111935903,83.8549854515682
8.961607718397667,94.20728556834086,3.2249044096772983,39.05539624207921,92.7171350394605
1.4024908899861077,85.47891425503104,2.4248285302833272,49.26067679211994,53.888668506823095
5.540361435390494,58.65639232112516,4.798634005510651,39.70581473633936,64.72404284349699
1.0857574113544355,54.5860502912099,6.83258357658813,49.84645366194604,44.86938177029356
6.722400930398117,59.17666144401595,2.2825287546342055,77.23155831444944,83.88156390440885
2.812337838390083,99.00135897770963,3.3073574205486667,93.72288371296767,79.08440536553438
6.594226346919018,72.92803212292449,9.303846175891504,44.17656855469302,77.87199664022766
7.269946142868826,89.2040474170704,0.48569289846958075,67.94553244655035,80.22213773162603
7.68647491917657,81.82041710538884,4.607696052395662,79.09737708704026,82.92582421630297
1.0774094595589656,78.62065749793186,7.115580415967778,96.7045727939896,81.64274048094096
9.160118451376078,57.256512733252485,1.5045401155747407,72.70423380210217,87.13293978933244
2.302139908948808,97.30122267790475,0.47374020005481854,47.85748517191665,59.0959338945523
0.3741255617617978,65.0671316257359,1.3820537163853075,73.78347098397555,43.57368939517555
5.548524693914834,78.90086079037711,9.18823193530683,52.43438131746113,81.6974552974352
3.7092228386243873,84.9887972294533,0.09259781821123414,98.32898734841955,82.44788309768857
8.297897431324131,82.46165776226545,1.8832197481135182,57.97732946145458,69.47057702332752
8.082514720643019,97.02972048477592,0.3128351290164455,77.979940453271,82.76676802411835
3.1713889282271532,57.4219494960029,1.1062946756220327,31.625930764273093,48.44866937903833
9.52899395069745,75.4176369223471,6.201492866282963,58.004301229432876,93.202048733668
2.909178381401186,70.2017195370383,2.416389087390858,91.25753293257581,75.05026103658821
5.150571292317146,73.7084364741309,5.692120504306768,72.7159211103272,91.76710876383356
2.5596509056760275,55.96087630988723,5.901953827661261,61.07600204771835,64.79266620827934
9.360435700489633,56.704730493638266,8.494353330897791,95.51562496050082,100.0
1.6460781758201815,63.90377728906287,0.047413929118739206,89.77890633030603,77.20327035575934
0.4491061939232899,65.23523018804157,8.533694593423668,52.55509716760568,57.94904144049065
4.350970600030379,71.39516068406749,6.19119086426974,68.11838814289376,71.48938570931259
9.92375564055837,80.54937735183141,1.627434861049576,64.28769792647239,90.43468522967463
8.916772662549139,81.73145587091315,7.72937388135284,74.25417500804036,100.0
7.486080194569492,70.59054482927851,8.554915417905857,53.38778868711289,82.6830980887564
8.90792490878525,70.43915547143486,2.542634837541573,47.094350053612175,70.03811140137776
8.934466396978632,60.8814263348481,9.187936809026809,93.88702846788752,100.0
5.18858360386449,79.41531242045042,4.544574302986578,94.67121496489544,90.90333175392031
3.1592905183079303,65.8520455658619,6.034244543333215,89.03260200333852,74.1009480834257
7.72012432110988,51.80299171386819,9.846495336176437,98.4743101535193,100.0
6.616612631677611,70.92000220784303,3.615360786391993,82.1494068045782,83.8697582584718
3.7365772887371005,73.70663375450852,8.131593458201129,83.52670599933998,83.34659127516368
0.9446666806151527,61.279643410210554,3.1839911782845967,83.38130643738485,64.7843685682263
7.46789611349026,78.62289665610578,7.99213522241491,63.64253416596146,83.4144958958719
2.624605159228647,78.28859502159605,6.007339188626425,61.95165361599902,71.58379961093458
9.368131505337793,85.10010905551857,2.163556952254014,46.81583933043022,92.84967146840847
2.4097057500568475,82.3974241100605,4.140260937892364,75.13734360515033,74.28572264924584
1.2275793241148603,82.62165282605159,3.176356343635617,50.25240952716342,53.2794273576533
8.311126721249062,65.81070759120216,0.7810839308036388,48.04658867916481,66.57032745243613
1.5328431662449404,89.3716110992977,0.29834770099697483,71.01729618672383,58.71800844825942
1.7926830815773909,77.45721917998398,3.464786554071809,58.69876717575302,58.3968604496742
5.993827915208435,71.5709097589945,0.1903414781748658,45.319962615624256,58.69149943697767
8.745620408374645,81.30062404705285,1.6548775758177503,87.12392117269818,98.65705091058929
1.9643466571457324,68.03286672251272,7.251833208508688,90.23989435060632,67.4854428547699
3.1032367290009475,75.63696223033791,7.080912356835879,41.73896637744467,69.58182878772712
7.774048382411776,86.83528442411102,7.385803864573827,30.525492295999992,77.96344016236681
9.718264260609674,94.3201443361854,3.171531711299788,53.52909779705616,92.32635746858374
5.007411862023423,96.05285986475958,8.900194571176955,85.82575849765269,91.71056455671965
1.4389750255125078,75.18164625915496,5.938305480284476,88.7421706364027,82.93617208326692
0.13936287708201545,76.01375573702845,1.2602634174662652,39.683034908123446,49.159447350108735
2.2965602999885526,89.99352053819183,1.4371866145553414,84.20351308281357,77.34933882815403
1.3182221778652103,65.72253458721006,6.930954269297015,38.09929171166006,44.343634567188076
6.776586736128575,91.86911811725344,1.7294393644207806,57.30438131095704,82.63414669124674
1.2183250462853112,74.70708232587117,5.072927015820433,99.90266605083411,79.21231333754872
5.06329931620633,55.79283621676342,9.917744759287107,43.481357626163685,62.05580355799546
6.9426243564288646,53.602957353647184,0.04007604733339498,40.77745078043385,56.625420557810614
5.811166092209024,92.09966055197316,0.16579801897556923,59.596023278275545,74.32619177178447
1.9977565166005762,52.778395845343894,9.930845819305066,73.3767968178903,75.37452857041035
8.041245261822628,64.0305718066828,5.846388341341655,95.30305476892772,98.23109675033157
7.154071296158016,66.7065020250773,1.2690997551851313,98.6574801873124,88.79978023045574
7.389840039155418,58.64972225957969,8.973021997540936,34.87484456139762,84.19700698807736
1.3105775155731325,65.69466849009946,8.803803001276922,39.65982621435337,65.12316179929508
1.237538036503446,87.13462833625428,5.3620041311137525,85.35165817271957,58.13411343725723
9.275625510065076,50.73414217800354,6.217920298607566,48.94425065896023,77.79384147040196
3.9757819382494066,91.35867122603432,2.7318719150087634,91.93943416544525,82.57444948261514
3.0094869178093973,92.82740117872791,0.5051969637200515,76.44172800603607,59.455918259443976
4.885840453515334,68.61307865957741,5.945676088908644,37.8291361666474,65.27247017904702
6.628642127635825,57.68064495303174,2.94755193202763,88.2770499446805,89.2029114090254
9.5562325704697,80.04202039725405,6.6362104666035195,42.34494660056531,81.15041253170979
2.8644622688205503,55.983627793244715,8.362451768426013,59.64467762757577,69.42188649886691
9.248084293120272,68.24596805391263,0.18160543914364058,68.6529449991531,75.17153345626465
0.24859491386256316,97.92145904504862,5.957137746857274,65.05363043561948,64.15077543791784
5.551980423268247,99.77322362918186,2.3128053968685225,78.03140409306053,94.06643280617489
6.339751116810851,88.60524456772927,8.738884979038014,75.68807144084786,93.26835389290099
1.058974037507533,65.54807549603831,2.536645065618285,99.44294038696384,70.99457300017372
1.4033959706391264,84.38325245830463,6.107701332354183,99.95953364569314,71.19876906134803
4.191143193163038,85.27031827420063,5.535408400896115,66.15215818449487,88.95568210229027
9.662319121431818,69.39208475818249,3.961665000592489,36.66393608726048,80.84056146639426
5.960425532343728,82.04443172930797,6.776207635997941,80.94903092781028,90.31184746921387
9.330232216002113,50.53638224878381,7.257696347154338,98.36648547516124,100.0
8.043609156129708,60.452882930112075,5.669377953193868,52.28284713403142,70.08147511180104
4.673816015552915,76.25441514836305,7.584222371847541,62.284622008630166,86.41215859660721
7.847634492521874,58.18756521291479,9.834170759929377,59.73438473708191,86.54117704941395
0.17836783976987736,58.295343393826684,4.192723879008051,33.599340818985056,38.7136574526621
1.0914399676573494,91.8152145275119,5.145830518855309,77.05851018564114,69.52973566722848
8.294286148827364,99.45665013418028,0.12469877941213237,54.73363865479274,77.5259411654177
7.968170883251617,77.79847140142242,7.960285563103784,85.12247122420516,100.0
2.3264074196643367,91.95348654408568,5.202300670459938,88.24840526973902,82.9678764814917
5.307695905990535,99.51608321631363,4.079614303605652,87.48615506184919,95.49594011623019
6.060158207000109,57.07979442843873,0.940719630893958,59.166619862791606,63.829811123023134
8.677389537760112,72.41228066271755,8.896564216753973,52.50819775686297,93.97015398369189
6.031071573387257,69.62863579209599,3.9500724004055643,82.41745457669384,80.35137541242261
4.1257156927368035,54.002464182309254,6.8258159820922035,86.09726036899062,92.10967133950953
3.741840434071827,87.76650863973722,1.4937415636815077,64.38802124739563,58.76150323891084
4.258820863735099,71.68895136612966,9.615496295410326,92.51217136754121,100.0
6.519310255799741,73.46634670952007,1.7844176182183091,40.07360872549908,72.66321333911719
8.674906317523249,57.533648690662005,1.9954199289949037,91.53481457612722,83.1140795711771
4.538968820762998,59.046332611543406,8.589828605577138,36.72666630803169,78.8462560538363
2.478395629513581,95.35518110781075,9.125827441419311,40.74678654382297,77.80425023368048
2.3666236299758117,52.232454448713945,2.121474075233014,67.36880092917723,60.970221602603914
7.460142802434464,61.642614247185314,4.6980088817482795,34.726293613119054,68.05795241357565
8.165687634239104,64.60296651572642,7.334949045628298,33.696497098007725,74.80593665570241
1.0527807985412496,74.50987712007932,8.783657338108016,30.036312091599385,54.36308248153631
0.6655885695517816,79.3222586507398,3.790526950373052,60.54216617859842,60.26734153875576
5.944336637564518,74.66449879253332,5.170194868494292,84.22367169045609,95.6415039326102
1.4617324419269828,54.2057667278441,7.417164105197349,32.4386845195941,50.27548089049852
8.246641904563413,62.183372702785675,7.3113597665279535,75.65803245260989,86.93552925208377
3.1033467392407443,92.17941923812705,7.829601300260849,87.61891221913305,94.16886922126552
1.4387193297114265,81.87943502392295,5.699338186415264,41.76005940045098,63.22895277254655
9.209704724874502,82.45745250671372,1.046150968047752,40.280461437498296,79.1036459708564
1.6553172273527816,83.51016276756775,9.039732908780401,90.25606815343752,89.50154564409075
2.8472008233793558,88.14515095197646,8.655725393210282,87.61872269650664,87.14211925149706
1.5361339519205863,52.905424086072365,7.98097435818333,67.72592363849307,58.72647922652417
1.1549006366535497,68.33041924663061,0.9986247716072949,87.34399155057862,56.266963581877974
0.21148016336440034,76.97637176308393,2.043973670814292,36.49292541971463,32.70543011946787
0.5539540916426011,66.9228241648663,7.436003651076519,57.61370625571281,61.35486804392285
1.746414709358527,92.22394366435933,0.23140094581946435,81.6458289274461,66.40007534532045
0.5338193262717539,74.12862542936469,9.792246337072797,48.021637152677435,60.26017657879886
5.911438161109713,88.43137947296896,3.771446803556807,82.66302401034869,70.09383767095736
6.807145267995064,92.60077584405846,7.193125336908236,65.29250230735697,84.62458796979452
3.936304568320282,75.2395741451749,8.875710884880434,82.51861915637632,93.83285157340384
3.179910969520494,95.4776121935675,3.9462988815008226,62.52757465001307,68.68884367402008
5.045262370222301,79.35619702684903,3.1913248859966603,55.75330381552723,72.31279876797802
8.750049422346086,92.51371494168609,6.087411288982468,45.34324515350426,80.34729552023222
8.51131626822206,67.02953977957621,5.8098937374805075,44.58655390045105,87.98511080194689
0.43475062012791943,74.94084792657426,4.091399776247972,82.60435673999771,64.36425783658697
1.8149840959652408,76.57055205022888,6.017747558677085,38.323724362377234,58.42883719215328
2.36744871104396,55.24898579480353,9.353813695664947,36.01876450776616,71.93057817282138
2.493875758322118,69.92762533507704,4.676402566265965,42.34039555154911,65.09445671133852
5.712326517427727,95.8668836275838,1.9674218075063132,42.27425580177453,67.75836010727227
4.162624257031923,81.54161201823712,3.772059828830039,87.61753359648299,78.06348049211398
0.49254119927593987,58.875329121848374,3.9410698259311863,57.89546364319487,48.473547974043434
3.736141384595716,66.94278178048025,1.3110869302621986,99.32719201523376,78.5717695377062
5.2375294871763725,59.58015048313499,1.628715005545549,39.604788045342865,54.67339877378081
1.0167190290371597,51.24115658992863,6.845620733936773,75.74778779855504,60.54975529588337
8.334585537885598,96.37302292520133,3.394777542089027,61.411065504087546,98.2400250502273
0.5196186646510426,72.41036641284357,9.548983918558076,57.50427236879518,64.95619268409891
9.248418690180621,65.37675362103931,2.4359674535860742,91.25589393378576,100.0
0.991131415798755,79.92385957788683,0.9892450510482231,98.29169520798797,69.28574139646636
8.435749515977527,50.36572281465078,7.535045630002579,91.1001271141925,100.0
9.026531439276171,63.90110533004069,8.810360519178701,43.46104753245931,87.9122482240837
9.795706805865926,85.15167328494462,2.7811335687148784,45.455854484625384,89.35284817679072
8.020258802735935,81.68848865346315,2.02088101645478,75.92517153665443,82.64161674407971
7.794775407713289,99.09029737712677,1.8576613487108717,50.23585071467342,75.69591078790118
6.424832759955477,81.0178854829022,5.220123013665123,81.43075915464058,92.56306572399123
